id,poor
42706,0.396009136687544
65531,0.5123184198033452
64452,0.632444187697883
78022,0.004719680641512407
45674,0.5358727222655997
80499,0.7040479995759275
55918,0.7722676965471097
52917,0.7089376553139753
42843,0.6294773918482135
71452,0.3954020192626358
22647,0.06197089864460871
88378,0.5832398472774151
57277,0.027135531555389468
75577,0.7660029597826716
32470,0.6851573995884056
37443,0.7768479986283734
97037,0.5858628821217305
74497,0.676886267641424
39357,0.5365165832307032
44045,0.45887245342516214
95127,0.8743009754466137
44437,0.010045186461698708
82232,0.6625752554271396
84498,0.8773338190176408
33886,0.4804470602403617
84878,0.2717153092469423
85007,0.3099247778984874
12977,0.3422176596739764
39259,0.029068727459004864
74761,0.10335213933113004
59793,0.05544482983643611
65919,0.9353939838479557
61046,0.06704553129342729
55963,0.22338553884493684
68415,0.3849321912803899
60154,0.6070840360701213
44425,0.8650339780536643
93575,0.197039779122319
56471,0.30097907842069394
19957,0.2750338567852242
31431,0.7372831860987984
96150,0.4841105254175924
78167,0.5988107654972877
49183,0.14661938078501466
52320,0.8270648338291119
39183,0.9019500910584977
21207,0.969862793359187
99763,0.35406478564828975
1587,0.9053052083358519
25330,0.1747717254797855
92242,0.08843894677434957
2966,0.7204947048376563
2580,0.3940463307099403
98534,0.04327203999141951
70616,0.15739606268495898
41530,0.22713435853164113
74477,0.06263133115650467
18465,0.3165039157227367
63845,0.32719033816079107
49514,0.4080261157418925
1611,0.4956381169791485
26448,0.9331196532877211
10709,0.4325229188274409
81455,0.15010339637269937
76057,0.5792190410988968
35255,0.09440994947459187
55540,0.8543290338446093
65222,0.6195244919804052
11277,0.031863084807493766
10304,0.794179217305112
53670,0.5474248747428669
82796,0.9265546635385746
20374,0.4614212550024475
49422,0.6246177571531039
84237,0.27103399230746
44123,0.5844833049110083
77707,0.010549759546744867
84805,0.016297790184161203
44731,0.15690936842060074
52034,0.6842914542067051
35127,0.6388701711808172
11552,0.7645873971019526
2735,0.18991670580392664
78858,0.5836163035838313
85081,0.71532099087342
56568,0.47065352653672826
74814,0.6532733906990411
61403,0.4607098636683869
25570,0.6066799905100342
11337,0.7564470302801336
76164,0.4527012391914467
54917,0.002005703481999801
80770,0.260371679786713
88008,0.14052157560816772
2786,0.8602088792311003
29539,0.24301029404811314
42475,0.06742136987572223
4287,0.14757494900505988
70010,0.006066582881428634
23588,0.12300128679656255
69740,0.7585375222790507
50777,0.4901867045854934
11221,0.2010804203759518
3691,0.8202425522404655
38281,0.6885168882991284
96174,0.010472785941774082
94264,0.15773577628764637
43860,0.2447788859535344
20259,0.13305608157483423
59866,0.49493097113860285
70363,0.4036527011522479
49055,0.6519532756579037
39282,0.6627287701842012
16483,0.0021424248395500107
64919,0.016226539820365943
23199,0.46234032768604505
94767,0.16387598534378758
30273,0.7063098305159594
29480,0.008665568649545395
98818,0.5215611479374893
8447,0.7658237629813668
6563,0.2688385756488036
29740,0.20704975192760605
74020,0.5071413106545583
77300,0.013310493058577948
81755,0.13399413899597826
37044,0.6348630030442763
88945,0.9730978208808723
63175,0.285181138949046
36299,0.2886119988383572
43477,0.16187232877197966
26786,0.6224604303946286
9105,0.9802413213843978
72978,0.4294898732395265
68132,0.3689492991649115
33503,0.2085148097971485
96514,0.14613769955995906
4931,0.12511664194372138
72264,0.3476875634993714
33963,0.3575419514491639
78602,0.7772757143986821
84763,0.3907261466445461
17129,0.5994904306666057
9155,0.16399550112599068
59211,0.21401453837847706
88717,0.43425722526871535
32357,0.24816566978056923
16606,0.6120477063847218
67975,0.4563011785888918
82555,0.8549408395951673
53354,0.8845182512457849
11856,0.24964218793886028
9126,0.9025967767126607
70269,0.19377519062234702
12923,0.265657178458411
22489,0.8076329041576936
42067,0.7645173333763928
1519,0.033640284451909176
8468,0.7655158194460933
29837,0.9328963613888636
1943,0.8427445229366771
21786,0.5559073787823974
67507,0.9595707668644171
39096,0.4906193016786889
62923,0.8737196194500987
54110,0.7833056219766871
53923,0.960048533593776
49409,0.00898263622289461
14812,0.327627845419496
15990,0.17737549200161745
80719,0.11163428754610097
2298,0.028772008958577646
83703,0.1826728919457533
83691,0.949347939876612
17447,0.42235880233881173
70096,0.9313172053694881
37330,0.12073590693984824
7578,0.10097185838601241
50826,0.1481143269096491
961,0.3163368282357558
69275,0.05693300564763975
18290,0.32905700670695737
80421,0.007297631170766661
22968,0.23703106903428384
72974,0.10200825399608426
32828,0.7590854340162694
23772,0.4562129338195658
54885,0.3002810054920577
22854,0.24136703039518553
69811,0.48812504745356544
51211,0.40265368208984725
66256,0.01470489465968157
43282,0.029430959687612647
63785,0.7828330104701192
25362,0.11756532992501643
10130,0.00305072756583518
32997,0.8678269282506094
8270,0.22502649202362732
92803,0.6104501886617536
19776,0.2898497566567396
76682,0.8993605462368055
11160,0.7995485094336097
9371,0.0020567118100576023
56951,0.6346389326321227
46740,0.7151802524975299
8173,0.6513309098200538
74337,0.31042618893366375
33978,0.44228937342073316
77660,0.6156796844783252
56978,0.3235337978791859
75454,0.5772665293856369
25558,0.7931978663021638
19263,0.8268581816869243
38808,0.08921383532074569
88670,0.735273001669185
37946,0.6337696025647768
98628,0.18384885656818817
48629,0.9534796909733435
49179,0.05475969165401893
53945,0.39104463388717164
93351,0.030896644722843116
4498,0.6195322936717853
40770,0.5768678277490334
2222,0.4235775928542574
13136,0.4717968384057555
43590,0.6892741429836535
55678,0.00063527193141888
44347,0.0016877979917676244
60498,0.41968287024348705
84777,0.2409999638963469
91466,0.0691880481499096
42965,0.20015581851374248
10071,0.6600735852843722
41500,0.591327899260038
25337,0.6963152166917337
14013,0.9762167685131982
95012,0.24735843635394475
6509,0.15979292167009093
91708,0.5398738970812715
57293,0.2602049444915402
31111,0.5359716456111641
33113,0.6410140178267827
18794,0.6889868269181155
58728,0.2242691632966054
89637,0.04808368542953523
16473,0.8649110417577416
53215,0.17693235150798756
8456,0.795816900180773
93403,0.8326686417294149
54596,0.7607990472743446
27060,0.19647141327300233
58676,0.8172456559423196
82739,0.37239878827557293
77698,0.5792003767968679
43108,0.5417824485340977
62123,0.0007259954706291939
97297,0.8560040771355775
84365,0.4144413755831337
57861,0.6881233466020649
2804,0.9347280680498741
60083,0.002945704978933852
1232,0.6632541507130895
54929,0.80063357549587
78208,0.7211456624747117
25811,0.5611918962244193
10635,0.595628336418804
11342,0.24410349392650155
38533,0.781535842052284
59888,0.13336063114943547
46182,0.44037386286729624
69364,0.44615766767535253
9268,0.099854519963105
90484,0.7001107510464285
56462,0.20365060130226398
63766,0.024390848159755417
96700,0.48052717262058114
77832,0.11503322220847396
3384,0.49258960154901765
84240,0.01139779294101451
47871,0.02318531322544178
94940,0.009124817637708352
15814,0.2413447173055561
16916,0.96230270822395
6004,0.03426889070076493
81810,0.8204047635134943
30360,0.4096580458038486
45412,0.42489162249059725
94367,0.7913099138052189
20663,0.16034832288275214
92163,0.481382166582609
93472,0.7208293406671772
48098,0.7743010814571406
55180,0.31907816439978015
75739,0.8341820051670779
70514,0.5055400055105367
65310,0.8347611696124855
53743,0.6711399739205514
69908,0.015530752606913138
1725,0.10272758349586535
71014,0.278240433980398
17843,0.6521534198071505
54568,0.5787211365668883
95192,0.2519744965149169
13612,0.0018019197200145201
71617,0.6120137521150868
23943,0.8838235307795791
88360,0.15752345718465838
63589,0.12284875932693291
99228,0.04066947724972024
28733,0.7040606287248627
53435,0.49576401351706745
26531,0.8114304584651554
8188,0.832727438953149
46684,0.1727257794492063
46143,0.9272150999297241
77695,0.924486900205589
2358,0.47108481676683445
52868,0.8035525352466756
10952,0.667567243788312
37198,0.4332954060967483
9631,0.7567172688653353
88869,0.2188262140591529
25183,0.29089079320261635
62346,0.8156407729421882
27341,0.3907261466445461
16555,0.03357401260623302
35687,0.9151991799860388
46202,0.1591778346851687
47915,0.7916473003339453
91418,0.95390818684769
46751,0.20069901939182033
39249,0.4203358795767516
60389,0.21436943211766885
30300,0.5613956874628098
30980,0.06849058965770818
13055,0.8993605462368055
63842,0.08592543391115486
43834,0.18100205959714916
20136,0.7183575087954239
69994,0.5845290233638744
62454,0.41959768183739116
76515,0.6994520454878724
40631,0.1343909153670276
11443,0.00403045279697001
49900,0.19954406350675308
34777,0.4851242341943055
7525,0.5279963232191694
29333,0.6618318821095603
20139,0.5921767167538368
45408,0.11944949426428902
81878,0.03037026085770596
28384,0.004025965277101393
53121,0.7434739376408067
36705,0.6703184519599621
368,0.5805844641991704
9142,0.5086200703015396
32805,0.5992593330922421
68517,0.17951074126692848
59346,0.2242041017861866
80627,0.8700942887245654
23328,0.5991179825082411
7908,0.03298542229002853
97871,0.14657881258706462
6796,0.1404927920793261
72537,0.49692484856463204
23493,0.8293371778806601
97751,0.41498816289992296
63495,0.14059932786290638
25835,0.27137532205480824
61735,0.17301206124918167
20718,0.1216910597122166
13320,0.007921222933250989
41495,0.22753585918725455
99465,0.7487753899100016
43031,0.05549419904794598
8282,0.8558257402812687
52428,0.47190695611583827
81962,0.5611630213367658
11427,0.980351255650579
13206,0.5294664285952755
29187,0.6953599541640305
40513,0.8390450463815021
23162,0.3941226713598396
32334,0.1836676647334418
97421,0.21484819178319634
92533,0.17657041535944168
33207,0.6507862205274307
29479,0.4317025462410747
10789,0.02813853224623459
99939,0.6636731766994904
42976,0.6969754270168591
98840,0.15674230661917793
52383,0.16831905698622449
66730,0.2052862060831736
49104,0.4094574627755263
62443,0.5848365048330258
77977,0.737411029019022
95328,0.7433928847351666
99119,0.2262905532739374
18207,0.317014201547372
48573,0.06986539056273576
46846,0.5803358309356503
42615,0.31290969189556744
304,0.15387206413516544
25593,0.2458542231982413
29591,0.8446819223747775
33633,0.9209580689636855
81581,0.8802052935916859
71968,0.0654167365221898
73141,0.026350976530876445
84275,0.41756107301579193
16219,0.5591485347168784
69141,0.2446396164199035
6271,0.3856060239349782
89403,0.7812632148886024
58240,0.4046023286690025
54227,0.056266282342133225
40725,0.8568455834618746
84582,0.2435709169419143
20864,0.7163228102276775
60890,0.39083171294953695
78401,0.003471441886611656
59053,0.35001947731416355
61143,0.33260364768866835
10512,0.8898067538268928
77870,0.8109124101619775
9880,0.4760742501241193
521,0.623404508791311
79163,0.8403955519359335
71989,0.5957692289593568
36759,0.45465635941400717
31601,0.12753398842329963
42726,0.10477529287075203
88759,0.8538676033392324
94880,0.6663704400341924
95443,0.5669143901543591
6010,0.5638368798447793
54316,0.9252142148529259
21086,0.5049926781755024
85985,0.7653281696212488
29175,0.07427493729418837
90820,0.21648948020108977
50444,0.06827452446396118
42831,0.5545275816606117
85033,0.8114304584651554
89934,0.7280799647757787
30476,0.2589045745570641
52059,0.12118085812730188
51205,0.44259067756756987
38819,0.5626976751371455
99953,0.4541114511895883
97276,0.44259067756756987
3164,0.06775727006554245
43754,0.09471783346947488
84776,0.6310200018517909
88964,0.00914858054599263
99362,0.6908508674874345
23450,0.14750640833881737
14401,0.060443989841311725
83032,0.7977333981644561
98610,0.12955487000488095
14134,0.47032779087443527
41584,0.4338091976487166
41075,0.5733252646426197
20747,0.19752102053735435
46756,0.009170542575207974
35287,0.03520118567064829
92315,0.29381547896502086
64834,0.043830852233144785
892,0.5915279166575103
20463,0.6261199032482141
13449,0.23376568448008647
58003,0.06427146903506542
3807,0.5221213262002116
62107,0.5328243174282754
61185,0.07258720573998463
3131,0.2096834540850104
21936,0.017930975976608792
92161,0.4516777181426344
74509,0.3165039157227367
66283,0.3416046383698192
53138,0.048021299422892065
88372,0.33590597429250746
4939,0.14404390167393105
47760,0.22255901062602815
30572,0.27664551793424863
30779,0.4563161601055221
34231,0.29648909391079437
4445,0.08686928912087172
17943,0.06192824132787849
64749,0.5839507668272547
95878,0.20625220578911263
77747,0.6523078477674326
61362,0.5663021119603517
23997,0.8552729591411967
9968,0.7255219772587734
95362,0.10697155715580776
96874,0.2286847625582651
47997,0.9311172469001427
36386,0.625614656009832
74129,0.11923503104552471
92321,0.023447989732001236
77194,0.08979609569551582
11589,0.6336347504130629
31992,0.4239627753216996
70012,0.8480605688051922
4017,0.34917289188546785
43569,0.37177658369527483
36482,0.01114993005664585
27157,0.08928615630351261
36265,0.019708286917471392
38394,0.3576012347319743
65033,0.04744850319343452
68127,0.3899059741295561
783,0.2879224614656682
67398,0.2456514495639602
68574,0.0237168599799079
16626,0.26399363676544757
9431,0.46203024250341596
91929,0.5296045253851056
70350,0.4209853513409724
84153,0.15796979395697058
49991,0.2989789562552917
40020,0.03053232722849859
21242,0.6247235313331926
6062,0.28223974364407955
54883,0.4259107401421967
48299,0.7717591143413345
5442,0.5189921530930088
60260,0.07302577741081612
9797,0.5453388125591784
21087,0.12086538803081144
45952,0.17468326593136774
37876,0.8418942157734638
59151,0.8108128210964504
37589,0.6757342663846788
37066,0.03870527475995956
72715,0.135117786193764
82488,0.3911721122037398
13694,0.9680741308482453
40177,0.5444461807142207
45856,0.13402289301057155
28093,0.7647555209759751
21402,0.8532427943871775
24315,0.8640482883837226
41474,0.7785613618739612
10341,0.4832032972093928
66684,0.28016671404010346
4243,0.9757345073110626
51839,0.9023250737847772
71564,0.5711793126251091
24639,0.35619484214258446
96819,0.7388891645326179
41275,0.8718659459634462
59590,0.31228408688942955
88566,0.7695185670309566
75859,0.6123115579842964
27310,0.894931143646457
25855,0.3566328606881338
87204,0.6478764158963061
42766,0.5018632504384765
18860,0.15303958213201296
98235,0.6861083079752043
65054,0.031137488044254234
15639,0.5348773900358003
70837,0.23132213893705375
50717,0.07521124265249145
19291,0.7178712343148922
7880,0.8205320880964114
58794,0.26765992133159205
82689,0.6469632736604384
61702,0.1001226861712937
66594,0.08734727047725771
58626,0.2665110919095468
57195,0.07517994929781577
48026,0.4370454837536045
36964,0.8304234081939886
37646,0.4444248413892572
27388,0.5790702958824054
76138,0.6961274436542028
21186,0.2964405839556334
97482,0.042921487564283205
99188,0.8919892827929936
74016,0.4791760359282605
23016,0.4809064101613761
2192,0.4955373108449296
54558,0.33255215692581475
40965,0.46946168326612425
23394,0.2826004511224203
23591,0.5345310382035391
88226,0.024233940369765363
97268,0.2688636686088502
71810,0.12257376014848619
46408,0.6691547787748896
17820,0.9543324124980299
41395,0.5372447846775962
32242,0.8721671092583627
46661,0.025699124767508314
25882,0.014233613696218604
76095,0.7581508252653966
33908,0.34330960564979146
97339,0.2554203740988708
61407,0.7420513729350716
79275,0.022367586558334315
86124,0.5111436001966082
88705,0.15065802336839695
27150,0.4828583721554456
7528,0.3579913355239383
97548,0.9402854860160919
58345,0.569498722791751
67340,0.026089403165136103
67672,0.5855691588106801
29335,0.020106665669206044
96995,0.14059932786290638
79667,0.8803517053994104
51028,0.19407962599433126
61085,0.06198891422633443
20445,0.3563106706201624
44950,0.3982067454283201
144,0.49938090127922297
20162,0.6008447520832711
85351,0.1497090289619221
38640,0.9301725747183005
20412,0.44244056558278483
59155,0.13373259205512744
30327,0.5883936506185732
32883,0.14815745080903436
65588,0.8710208074095738
18519,0.24756806090874026
38052,0.52845426607891
25040,0.48872016073051133
31027,0.4478176956829595
15499,0.31195049013627363
25854,0.6316338820551646
60932,0.11877889975861142
90450,0.18315345335284733
30211,0.3082708384750915
78156,0.9394133498871631
14568,0.31920985596616525
50288,0.4618297556190907
93395,0.44824372131869966
81279,0.8213583709391903
62545,0.7343049356550332
68860,0.5102596416494134
81762,0.013565621094003062
95712,0.5634691660309255
26674,0.20651246316545005
76036,0.042881775514563715
89491,0.09217496726942044
10443,0.7454143663764481
93653,0.3014900635136175
85575,0.7951509173024046
40422,0.005826997230910406
28821,0.7840352631045838
59434,0.0165367954448696
15928,0.0562576986789186
40654,0.7781853678401776
11840,0.005236561521694495
10615,0.03946554094124187
16816,0.8618295227936813
8812,0.18620583486761802
54484,0.5907467085685514
26248,0.03246989253293053
1899,0.6315583788651998
55973,0.17101027393685345
20629,0.47827642303932083
57996,0.29989272978102327
54272,0.03386219021800189
42233,0.1589007899841817
40392,0.006417274370193336
46390,0.10593214570082465
23195,0.16574839791265114
69560,0.46401057852140004
75365,0.745608971010631
12481,0.3673933835006983
20518,0.5964396590817548
80285,0.7680452294268214
48158,0.06948424921388247
7032,0.15122611578467357
39628,0.24094352351349999
76462,0.45353417192976425
43352,0.8127381892015644
95184,0.5476574332065125
28539,0.705132922602947
25573,0.7049005240945454
95907,0.8400196863209942
46568,0.206570758792674
17683,0.6053513429979436
69075,0.583241052536106
82387,0.8421265252316614
60032,0.39776931286628936
9609,0.027718081669041682
1869,0.8499270930858119
22912,0.027311692828076654
24656,0.7319714815854665
713,0.018352068859458403
67421,0.815037695838758
261,0.623404508791311
68736,0.05808755784333598
94566,0.8158724375019382
27833,0.16256679581851163
68516,0.3935503449268968
75745,0.0165367954448696
94545,0.0029492080433788366
93478,0.2824413634251806
30938,0.024151038498358132
16034,0.18706492202687874
5879,0.05027734341914662
65169,0.6252119408259361
20462,0.38013022146525294
3096,0.8567473414794055
80210,0.7062678567426134
19586,0.3980780376655864
49229,0.11944949426428902
80290,0.06589132139973301
60370,0.5328298196446389
94202,0.48733790703382046
70992,0.08822194039085274
13183,0.793803089114503
15131,0.6976178370002086
53011,0.06341603693485139
33872,0.02554804248734165
92673,0.5619727986757367
42218,0.5851013828209166
91476,0.3898765837937183
84923,0.37563349696882836
98895,0.29827374275146495
40216,0.5700549534016044
73787,0.05816635436403925
38421,0.024038936549228018
56898,0.39616552823886764
83549,0.9083329054886198
20709,0.019646374153952983
58322,0.3449786236242704
48148,0.17477267168166633
41009,0.0442862973833026
37816,0.03870527475995956
11128,0.6115996346120637
6330,0.5772101281523598
8394,0.8604187351654548
60924,0.6141571520705338
15250,0.7295181935007151
98483,0.6130026780213591
30565,0.10349520517516515
41577,0.86365969283299
80862,0.7064226863567281
16506,0.6939064049403182
54844,0.9439649404902251
64403,0.2869886536019504
71557,0.8798356250918171
48503,0.060048364213965914
29894,0.9463387520650042
47190,0.9736289521024768
81619,0.5220553307230957
92652,0.03595116885403022
9747,0.7839055327329572
22127,0.48151470589673917
13099,0.1775982548993366
57714,0.043132007679150264
29784,0.7530364269761002
22429,0.025051437977182015
51404,0.5426842024427966
23831,0.5824851147934453
30475,0.40623287771291167
82254,0.3944259309109764
39264,0.013305566988831178
96311,0.8284045223288379
26607,0.21110534566486902
61225,0.528344189325452
39607,0.8900607721331001
54299,0.5323380765122422
5450,0.19615762157119707
34443,0.16240869139178463
30929,0.1188040141466449
63067,0.5286628515303994
61230,0.9569452994277345
76303,0.3040490220582534
96348,0.544239634412135
5068,0.11855686190800585
25351,0.2667991585953734
8255,0.2539970140891054
82168,0.0009972535683578996
2227,0.7772757143986821
68892,0.41262881706347027
45000,0.31679363443241354
71684,0.9771871443120865
89708,0.8944128823750008
12909,0.00400791439038712
27074,0.210286420493066
45561,0.9125836726154948
5958,0.8591196372597886
7461,0.540812133900322
15734,0.1542037601879973
58589,0.27450366362084966
64457,0.3378571608835998
46026,0.6399501830155826
60514,0.9179230126635157
43355,0.05591342899885448
55908,0.9381674985898301
95442,0.7146619087367425
48274,0.9684469249566526
9970,0.5772665293856369
20645,0.15065802336839695
34426,0.8492238218770981
45684,0.34221398281817506
19421,0.4979649699161215
17793,0.29122208392931337
72398,0.43375627212117834
59002,0.35275532844374263
81183,0.6769303616287291
64256,0.5850588851490719
45187,0.0819020829635103
43661,0.936272967366326
25632,0.8996918209423179
58944,0.5031655830946784
4618,0.8802935725092853
57142,0.8564107161185917
55528,0.7131714623108909
883,0.952846129805773
833,0.8232974876084194
55077,0.5087646725272872
14490,0.2796024540598816
76657,0.20953559620536696
49427,0.6237918230180476
29407,0.9694727007462686
84771,0.6113055446531255
48857,0.311091085378603
94147,0.4006650189495064
80825,0.010653095148282733
29144,0.43652515637856015
49777,0.9660122478673109
12064,0.7353275024270005
47361,0.9200681042441462
84551,0.8208503403365228
45365,0.8067679431268845
56070,0.729498466671316
16810,0.8167859446207676
57472,0.2788797918706583
38078,0.0415205183346601
48633,0.07382148550527366
1564,0.4172501839607952
62267,0.3185678703295686
12311,0.6388585554062031
86022,0.08890855448449625
10975,0.5762143782709969
53065,0.8733146095782196
54877,0.5564275970558206
39180,0.966802104850655
50168,0.4225900730547336
51600,0.07966478368845432
42651,0.55306988478245
67887,0.19360954517695203
44824,0.5808057341391036
98658,0.24563187986487997
63537,0.8194655847953909
85661,0.4232411183517287
77652,0.014892329276121625
52427,0.0347684752844634
40859,0.015293553003988746
63983,0.8105300089993225
83231,0.46013571385036933
17861,0.00036262738346290696
22626,0.7891972413347043
9832,0.04073274456989527
12462,0.6782835710079282
60153,0.7246331090874337
85158,0.0016801689748727627
13710,0.6788626226120671
74561,0.649410626619808
14324,0.2801827871205219
68891,0.3520402632790413
95521,0.7298203019056649
94908,0.8883619879452676
52197,0.09239359703161869
72079,0.36346328857453547
69769,0.9063630535980456
37969,0.7603250619614577
63202,0.11230004087697468
88043,0.05968299515269606
24242,0.7018665634325494
58245,0.5405237541544559
94839,0.15289193811790527
49407,0.8466527959162835
49751,0.9578896764724663
12249,0.8796802701513433
18121,0.38691581374849937
59274,0.8819870020928932
26936,0.4186799753222169
65610,0.6351179342043127
17680,0.11217890721648228
15821,0.6877147690463754
87988,0.33731737995560546
37488,0.9176125548668828
61645,0.4141668974673871
53177,0.5475193037419847
90249,0.1326675131324489
22525,0.8496985675229206
3606,0.49022583663794944
22875,0.844062392026558
65724,0.8197197975267101
27699,0.7039308065293512
47633,0.31920985596616525
61052,0.9342912942860828
20472,0.12257376014848619
51457,0.013946616086941395
97646,0.6980397083634007
30944,0.77913612803007
63314,0.878474729322499
44079,0.5085319007419477
82274,0.029592236961939147
98928,0.2686130551622103
84577,0.1417670901584649
71268,0.5650382886071303
47319,0.2745588636330998
20229,0.47759538722039024
76397,0.05219405597039738
15946,0.030029332874713405
5021,0.2777387836827972
71426,0.09203833378192383
119,0.543644040595956
92059,0.88484958207619
97492,0.2144324501640493
23774,0.8607482710796015
45847,0.326957922729489
9634,0.415414759853722
326,0.17817620626459113
41022,0.25240794280742956
30703,0.5665462429756548
29122,0.512167958180091
98706,0.9553949916094997
65956,0.47661474978683144
66965,0.9078475041562476
92252,0.11942215925787897
63918,0.42905438222366693
46286,0.923039665353913
97568,0.2200252329067697
77915,0.5264018443745452
41925,0.18108541770489292
87506,0.3068305211802181
47235,0.005320435022043264
3476,0.5919228126522683
73439,0.4186660054681917
29328,0.27273885253617425
25813,0.25274762376874543
67437,0.17400364516957847
13737,0.439877284291378
14231,0.053171966760355176
89597,0.36826008274146266
10533,0.28357573800391317
5445,0.6486373219711299
56063,0.7812776672578917
11054,0.5827315249194129
59713,0.18532544070648296
76579,0.09548886686355759
8165,0.9244753671660039
2294,0.037097220041735934
62948,0.5817989882645981
53535,0.2507659334825797
19195,0.38225932692389625
77227,0.39544738634220766
78908,0.5579532234702972
78183,0.34965319776798276
75324,0.6976869220599741
2168,0.7713604042759181
56361,0.38456580715131566
71349,0.7424358475817912
65002,0.1953872034383516
76574,0.23392185688509354
29141,0.17652064856245156
69823,0.41510022434409305
2436,0.6336347504130629
16589,0.4051875918114014
50733,0.5793839632826566
38587,0.5548559457582728
57796,0.2131411570291728
27622,0.5290344822678414
9762,0.7342107921592599
49865,0.13032176116963018
26570,0.18040265297653907
4839,0.1146880314291374
90575,0.9557740062369798
73730,0.719473998452147
89372,0.29618758821775076
41205,0.465281983106157
8605,0.006808903523804396
30813,0.912500167899845
2557,0.43309486693539406
72499,0.09168444589562445
3682,0.7424638488967372
66780,0.331201400035224
91160,0.9061953397378868
20492,0.6232591555550242
79992,0.8153000388738567
61742,0.6450889989356307
67485,0.612124632904647
3986,0.7092019690361816
90929,0.537818374719047
79093,0.9571373200308391
85103,0.6763521658665466
32133,0.358634613501258
42323,0.027094256467865646
98137,0.14319480569931714
72775,0.480997308191505
86816,0.1975027093844132
99516,0.23526287848747365
71189,0.3520402632790413
94359,0.024572434294766098
7125,0.049699961393693814
87580,0.49117299963913963
24946,0.3495609889885865
22609,0.624269694910105
61663,0.2786638054759228
71786,0.7870414762605379
84064,0.4208191876898259
72428,0.5529177550535634
75041,0.281480673267405
12602,0.4210591868010899
5050,0.6366310200306092
59670,0.6489008522185143
22418,0.4047115569487963
52951,0.12993071163153586
81321,0.15987482371834935
80875,0.4788234624164871
72939,0.4863481137393698
63713,0.07162860485784345
38358,0.8349099822669316
29498,0.87133797942197
28491,0.3923223308175516
40239,0.8273659246908013
35379,0.057265703765251134
39548,0.06526807223131467
87885,0.0035326643147061253
63377,0.057276345059707794
30157,0.759049432900401
38644,0.19877878366042737
40962,0.43720658243491883
37374,0.7582422965892015
55331,0.031926997989601594
78642,0.5964396590817548
13574,0.3993460884790276
96151,0.007297631170766661
48333,0.14630512912846536
66428,0.001305000551323057
28836,0.2076040399024816
96244,0.8315946737422022
29938,0.8832787220758317
86181,0.14362900841705553
55068,0.28259011718633936
91049,0.8340151464968346
9346,0.39182478445294644
50481,0.8939576879007691
25137,0.0004244406991787684
96187,0.15529831165893515
66353,0.956830378657934
42668,0.12670297629071642
92023,0.01022842967373309
13821,0.019565895584770943
46838,0.905300864968136
82544,0.6908362107896718
57610,0.5850065548268812
34298,0.12409764259897664
99126,0.2645575354309421
95219,0.432531149222704
239,0.010138379119835726
86798,0.3403973305496703
53034,0.2684146879917206
14187,0.6322148429422408
68408,0.09979069238266161
16599,0.012004301614373183
55103,0.2352701871205593
31385,0.3123576589017538
58598,0.25319358990621904
8970,0.3272374227362622
13990,0.016777317181816274
41336,0.8103643318421526
37364,0.8119731301993596
43739,0.12099867407662646
7620,0.5585321150866258
67746,0.5593011454937179
95060,0.052315358436294486
49101,0.10577952177636608
3689,0.12115265969121902
75946,0.5774800132747397
81408,0.12342083782136135
77840,0.4892384389812146
74423,0.6521703753381869
38242,0.33488024539208827
65274,0.14189250272188145
8025,0.16240730074161594
26229,0.9334255553400252
81995,0.3591521203799313
26392,0.764267294597619
96713,0.5893419994024228
72967,0.9273502524441269
14494,0.12473920350226475
89362,0.8109528646888626
68237,0.6188687688056296
55163,0.14581507286866235
26080,0.5969985735207393
7759,0.7538997668771062
91248,0.9307606851695456
78273,0.44406794730252935
21426,0.7731699824530753
99826,0.8312560589426081
43064,0.6280561423806281
89336,0.13239256179592482
58762,0.10328198995311766
60642,0.3975264700943369
50070,0.7952703394630155
32431,0.698921766902895
40195,0.3925219636285923
74214,0.0016993150638161896
23416,0.7149920766687934
59614,0.14306854009380005
14632,0.9031469369588461
93736,0.4069654716405044
10965,0.5695479505246426
73425,0.8637274978491766
95287,0.6679574415486468
59471,0.44116673059635303
34656,0.8213583709391903
88802,0.7609316003796597
61555,0.04124085434880768
99784,0.5510736345945018
61224,0.42364551376371773
48973,0.3576341012386343
59816,0.37692044203060004
29046,0.5216643290166018
12275,0.8881504745375641
6178,0.8725468680117532
31953,0.23604586921318618
77244,0.9022088212381135
12870,0.5205293686097565
22660,0.1407723028856431
79222,0.6064540699299142
40274,0.4352475189371016
33796,0.9108802362984303
76814,0.7243219368829632
61814,0.53709992683614
16496,0.7431756447959469
94557,0.27549655783737487
20392,0.9930383897071291
21683,0.1326675131324489
68241,0.04357389762693389
50901,0.5361628467773416
31379,0.3131122390388306
44931,0.2568648969277987
81784,0.0031149517019277853
60122,0.08213784292731323
718,0.6850823288821283
44105,0.6804908619202593
68995,0.28750084473589327
91663,0.23755247717580127
78909,0.1148243014586993
18240,0.7876955654873592
95607,0.4238153243870067
85982,0.00020365096617972343
83646,0.629429190471296
61284,0.34454965997231085
71439,0.9253492181529578
53093,0.718610453743526
45585,0.7117363453054533
73074,0.8049311551233334
6164,0.20998261405317686
14526,0.1265989991595691
96331,0.087573448664019
39956,0.4914707872327925
50684,0.7503630825943622
658,0.6300844386750608
83457,0.17959001052540127
41369,0.4041037772707447
88828,0.8588279515284494
62231,0.5881281507759102
17794,0.7255126645234399
80280,0.6256996924998195
12853,0.48345295054823695
22587,0.6020040756465461
97442,0.5425979891744226
39626,0.5322031841375342
33326,0.6516386005018491
87702,0.29118895121878124
97979,0.6849520866355894
59930,0.9445669326055653
63012,0.05961940237741016
75696,0.6752685621365255
64199,0.5175754211410722
63003,0.681464512516211
62745,0.7884151031622023
17102,0.6940668487962393
70886,0.5666872198166257
85848,0.45319987142303675
67306,0.4343917661653459
42765,0.26392114855756177
30908,0.9261399328209705
95229,0.5168729832156366
57191,0.6995975704060773
11225,0.12947603010567402
52845,0.4021916272994173
9818,0.39204678331183873
21489,0.18579698496075953
1079,0.8366914498380351
93868,0.01582435802861485
50492,0.7603949574986676
73085,0.6912573122138942
89898,0.5565113007927037
21382,0.011171960420027825
33150,0.16110489288410804
29139,0.4888855549789124
79309,0.5027822792881189
20458,0.0704774742934101
93187,0.22456363754509145
6869,0.10631017748956452
78098,0.08571319637725928
53746,0.5137251007183689
1989,0.12574935577590338
59475,0.14398538411987527
39170,0.041247604150769786
77976,0.17296039607133856
18150,0.7334422546061338
25013,0.7739280087585307
50612,0.15335377733437972
30478,0.6896526567955578
56225,0.4044029920472126
23447,0.2299552660131666
29383,0.6567035718183671
17513,0.011848910918590172
67445,0.20061071856456772
99373,0.2861328632813515
17507,0.2223562981201931
61070,0.034300750541000985
97450,0.20344828495681724
88265,0.13302477203528348
74657,0.2785778510141665
81852,0.8186403425650062
75864,0.9260282468811815
93816,0.5211388557318859
14627,0.5929502662174541
86397,0.7654436025267576
95516,0.6546884230401148
18856,0.42862578558404596
98135,0.2203292527623077
51727,0.15990246300989266
15116,0.4901867045854934
55276,0.7320908939028796
57557,0.5849092991057464
356,0.40587423950824586
92846,0.14668973830519294
60974,0.39541049938333145
78973,0.42486199539078556
68240,0.7526587841248519
33637,0.45803709735274717
59710,0.14587510785729033
89745,0.6088815871217609
33398,0.22196227024209997
72048,0.6199326534197526
70559,0.4282920962330291
69696,0.0701900280552642
6527,0.7569255714949215
65135,0.5934781200221831
5955,0.15335292372321382
95965,0.9110012350766715
13641,0.6003127737803946
58517,0.7852947229558632
56751,0.13108468218415406
35111,0.6626128565434002
905,0.9217383341770345
43963,0.18232382502317693
61125,0.5467253391500483
65628,0.6724350080760682
27303,0.0030653327976275157
13879,0.31835730079027424
27830,0.9326666479540932
21633,0.054691428849124736
71276,0.08028840488320843
4222,0.2321428749123931
11102,0.2644467490649282
69026,0.06688984661908323
11469,0.8171114431242527
13222,0.6752480659872203
77807,0.18189997127193017
32797,0.2273519860096682
6424,0.74055368719821
63478,0.7357428104266837
65203,0.665206900661247
54342,0.5520078652386313
43181,0.34009638939722264
82752,0.18258302801790868
16041,0.7239123489769127
21442,0.5015043017976498
75501,0.18333954239757674
53233,0.7546520696547587
22712,0.7924649842345098
6733,0.944611773168509
90143,0.604986416246692
92362,0.41980261522820816
28902,0.33245863808035925
69443,0.8953511994473297
42151,0.24453238271667874
61485,0.9027249932579711
23890,0.5505644832986485
31175,0.1513452182543295
3842,0.29367295300164054
29597,0.3450740722069832
57446,0.724509850053549
69104,0.790629920136768
61011,0.6129390442138094
81969,0.6305979320967209
90806,0.3844576219142596
9206,0.9197912541063976
44918,0.5010041975474852
5418,0.8773338190176408
58038,0.04784255902618904
41108,0.9569452994277345
94057,0.175278382145421
37039,0.954551637360558
61262,0.8087637486043041
69273,0.8560040771355775
847,0.11412292782972284
59808,0.8189666813814417
58764,0.6428803290544062
11616,0.3627318517392986
93384,0.5212829732304579
19063,0.5585257603886897
83835,0.6840931200090975
52422,0.49757255734184846
21941,0.3222124462589495
28393,0.7725144723037746
95729,0.9392700167243662
61292,0.11403121028755576
6000,0.6299428415690391
12891,0.395735331995483
38577,0.6993645058685068
79167,0.6584870856521148
23151,0.238290162686204
81626,0.4809386500355757
15126,0.8498409444149628
38873,0.19094309724256406
34974,0.18079916975042234
73451,0.5096334782274446
28712,0.5929034286667269
64399,0.2705386696048305
86641,0.06769475955098807
15638,0.6860946574056457
47030,0.27218989292446727
2848,0.44013450187939085
44279,0.03877288558508974
8832,0.81010334293872
39733,0.4802355516582257
65636,0.3210852084840625
85891,0.6435927628130702
98410,0.6132003694931626
94214,0.1321947786946479
86092,0.03381814674086066
33441,0.13402435859151385
18410,0.8372915941209429
32117,0.014340664865950913
18655,0.594986658355723
69403,0.12850900008681224
25127,0.570811575067712
72411,0.6815098177846111
85043,0.003313265989524158
44457,0.011857553876648799
99679,0.016777317181816274
43548,0.12390500485159725
58011,0.039115069248626476
21644,0.9837177175540217
59138,0.720260569069099
64368,0.9477193360013647
21557,0.03250588597942593
46027,0.032698856766521914
43889,0.49101321511271373
17339,0.7723264073641032
65181,0.8496439889018943
47345,0.29742661793561764
36896,0.8987505410833335
13116,0.7417634503501221
63944,0.07444297453557541
57205,0.6536876764589754
27618,0.31005517050773085
89221,0.005049255180959389
50204,0.4754682769986862
16324,0.23013583529529447
54325,0.09664231236326315
12373,0.02725070412485145
70751,0.8346416308028342
23444,0.5861295816937163
14994,0.7465233324950228
40915,0.271269473232491
6454,0.40009160872082034
5060,0.49368082553557424
55192,0.3975264700943369
10068,0.03729209570031234
71891,0.683200902251349
92614,0.11695234298031285
25257,0.9108961940596765
6752,0.17669327721056916
83949,0.0998584878868243
99322,0.3429285770530144
1424,0.8351039739721221
30951,0.030029332874713405
86938,0.5968243144279773
37571,0.5591167028174342
86760,0.23027455254591692
43939,0.4134063560784237
19474,0.0060942142567555445
68100,0.262938121160528
65541,0.7323268484949647
19021,0.5389627561879854
8061,0.7546844028792874
12510,0.15193401240484142
95025,0.4254370612474401
79427,0.6047376923146408
95557,0.40636534994561657
81320,0.31995821813028313
20338,0.4558363429239364
54554,0.8771081994015635
65834,0.8450501683928832
98226,0.1454022541173641
30759,0.07955005664509104
394,0.69159982902601
83826,0.2643433338272272
76466,0.1079684809359306
8065,0.8980040190193604
69604,0.4657531498275777
88272,0.9016692904852275
33037,0.28639268900875936
85951,0.6454712480032928
52153,0.6291788634676081
96341,0.8356241592498932
37705,0.061175784374820665
50744,0.31197524012288885
28349,0.19985064016934312
23543,0.09510525163129073
97716,0.275219692789303
66576,0.2017862451786515
84306,0.015156514461668541
7005,0.45836929005078564
6001,0.49691918013510483
94602,0.017571150352736726
7371,0.026154163980387942
35140,0.6967841887436318
8960,0.30657347920322015
30128,0.3933145170128724
39695,0.3068515874839201
51366,0.08243785817594335
27123,0.12308563925482854
58073,0.6679212978137309
63442,0.38305340433395585
19130,0.6914036689655835
9219,0.9072053163508946
49065,0.181403063242554
62272,0.8300654689141035
82083,0.33934650308836856
37492,0.18063355466168124
29290,0.9203331276676111
55862,0.4216355797177825
60756,0.8304541267388723
5006,0.6962479830544497
79614,0.688294882796748
12419,0.4782660777352246
32772,0.3321697180554141
4367,0.3230815393927562
12127,0.2671825784537453
91799,0.6449115174740087
38864,0.7348850872310733
11749,0.35822279785646066
6723,0.2900069752266605
84819,0.015943531460356434
36403,0.82348020438911
3775,0.8328472739317369
32808,0.25225165167114977
77047,0.6138827576968803
3871,0.7500714172706404
10153,0.5745141695992163
32221,0.8979750821608296
63353,0.06234833447932272
79080,0.8538469785695325
46635,0.7090104356848314
66018,0.3140964636961087
90091,0.8205333664238879
94736,0.3697178503359792
46285,0.01361593087710911
47561,0.6691363128691027
58484,0.17919148566317994
83986,0.17150181924359767
89397,0.0013346834281924202
52897,0.03174667474854415
24575,0.8829153159106032
12928,0.5277282605933503
15584,0.1368326890138156
26003,0.1269371568356751
74823,0.4102178055026348
41224,0.012027957705739724
93857,0.11370234752104173
20265,0.2744442481928108
94614,0.8588441408883495
12900,0.01689613812308323
28577,0.14594951483391405
91074,0.960200047480102
51034,0.5436185184630835
7214,0.28281040599806007
94829,0.25549712020968673
41652,0.008315545396469016
38302,0.18590182487026813
38483,0.38682986543271825
97080,0.27603723321097245
3760,0.06333076865902343
30226,0.4011056267605658
97535,0.11463914976764636
45006,0.6620361586040533
17109,0.39535372432446464
69378,0.2464110322099943
36695,0.17747283617447002
98324,0.3227739255834961
78676,0.0030992308185979313
3663,0.7794257381044639
59736,0.7935040746700562
98248,0.018215240523476128
40197,0.18719131345649018
77317,0.6043482222699523
46938,0.07186115437069981
85604,0.6011757654625174
71103,0.7488224517879644
68396,0.9652097037409928
93415,0.9565661281681098
82723,0.30812987647636725
33005,0.006852233964579261
16196,0.049148344773195865
40494,0.6777118864256009
94536,0.14611872263864262
29924,0.3836762059267687
21428,0.0799557044734917
70632,0.9816191870014209
18734,0.26538176871906083
58266,0.40584753650275734
92605,0.2829593908947975
95169,0.3595151586919773
37245,0.8865594462239897
8210,0.009938775086751636
54136,0.5936122443848365
12180,0.18026034068224017
71545,0.5658132390559805
40370,0.1863244193116889
1571,0.8248322989656971
28560,0.7733046196241862
14041,0.5984630835720325
70152,0.6808810038714966
44438,0.3170866345899772
15565,0.06451036071914165
46009,0.9867903303664032
41422,0.7090247596932051
17798,0.745775635831505
82680,0.07158857640506197
20713,0.013424599692965741
38190,0.3154352845119063
62050,0.7819789538747112
52000,0.4108662225775549
657,0.47102342853160534
18975,0.19584556450504956
80981,0.0018192338299681764
46536,0.07515651931952493
52945,0.6298349588272155
39260,0.6356138320506032
46699,0.26898698559658085
36561,0.8146052601259999
13830,0.10850246066390243
69176,0.07158857640506197
59190,0.031461277982870746
78220,0.5281399821813235
82581,0.46261961122030826
59766,0.9071448736873546
38728,0.7872564318063289
8531,0.6983065021243173
41690,0.24047007827974207
65192,0.5593744458037457
60711,0.8341820051670779
81319,0.6976178370002086
10509,0.4580843777130204
96007,0.12760920441963966
10257,0.905632202526954
67605,0.2973110109058415
25413,0.06999255850445091
26292,0.39204678331183873
73441,0.12173724842383883
74653,0.5892215072951388
82371,0.06431683317063269
91811,0.9112225560231201
90009,0.17375992723649905
97820,0.14410006967271988
19666,0.5292027652565172
98039,0.6374303833219446
35131,0.05011067699852249
64494,0.8640770895705987
48296,0.7418316758587109
37754,0.4836231495001925
81137,0.8273350906258067
35312,0.21078675608093317
70924,0.15680334136212506
66512,0.010322585000379754
30540,0.030013765697660188
11407,0.10571489384863292
20587,0.3407515764022862
83101,0.9056709567005037
38105,0.02464281609554458
55877,0.3790665848076969
18364,0.2898834959770744
34051,0.6946118586380713
71170,0.0029828763027855286
48988,0.09848657902288888
44314,0.0013431389546896461
17448,0.47990204685796944
44570,0.8626116255166949
98280,0.09120134384356669
80380,0.09635610523360995
18227,0.6605650076134184
92123,0.09210293536158627
18120,0.530871767201773
27843,0.6003127737803946
71796,0.42888366319170035
23865,0.5341126229590267
72386,0.768448257427253
38958,0.0676066019161712
53810,0.046968750635612073
70986,0.440908798851297
91979,0.7390027610940603
70309,0.26588652449806927
88935,0.7408772852034474
49414,0.4447223095783067
51326,0.639843370930469
30865,0.45647090603016566
7428,0.8283280234627269
9067,0.39462283780337526
51060,0.11468469724515387
31289,0.4115755896525372
89710,0.07592446966211182
21759,0.8522082089064159
30092,0.7583594968394396
38226,0.4155844208269952
36893,0.06740514156337896
97193,0.6956099304356692
83638,0.39787688755559636
